{
  "RAG": {
    "retrieval": {
      "precision": 0.599999999988,
      "recall": 0.9999999999666667,
      "f1": 0.749999999934375,
      "tp": 3,
      "fp": 2,
      "fn": 0,
      "tn": 1
    },
    "ood": {
      "auc": 0.9857142857142858,
      "id_coverage_mean": 0.8740384220787151,
      "ood_coverage_mean": 0.46413768316172366
    }
  },
  "NEP": {
    "retrieval": {
      "precision": 0.599999999988,
      "recall": 0.9999999999666667,
      "f1": 0.749999999934375,
      "tp": 3,
      "fp": 2,
      "fn": 0,
      "tn": 1
    },
    "ood": {
      "auc": 0.9857142857142858,
      "id_coverage_mean": 0.8740384220787151,
      "ood_coverage_mean": 0.46413768316172366
    }
  },
  "BEM": {
    "retrieval": {
      "precision": 0.599999999988,
      "recall": 0.9999999999666667,
      "f1": 0.749999999934375,
      "tp": 3,
      "fp": 2,
      "fn": 0,
      "tn": 1
    },
    "ood": {
      "auc": 1.0,
      "id_coverage_mean": 1.0,
      "ood_coverage_mean": 1.0
    }
  }
}